{
    "loss": 0.3304183781147003,
    "accuracy": 0.8823529481887817
}