{
    "loss": 0.12959475815296173,
    "accuracy": 0.9901960492134094
}