{
    "loss": 0.29195690155029297,
    "accuracy": 0.9313725233078003
}