{
    "loss": 9.780438423156738,
    "accuracy": 0.5686274766921997
}