{
    "loss": 0.32645824551582336,
    "accuracy": 0.9019607901573181
}